{"cameraMode":{"drawMode":0,"name":"Shaded","section":"Shading Mode"},"sceneLighting":true,"audioPlay":false,"sceneViewState":{"m_AlwaysRefresh":false,"showFog":true,"showSkybox":true,"showFlares":true,"showImageEffects":true,"showParticleSystems":true,"showVisualEffectGraphs":true,"m_FxEnabled":true},"in2DMode":false,"pivot":{"x":0.11221301555633545,"y":4.718212604522705,"z":-3.575970411300659},"rotation":{"x":-0.20935361087322236,"y":-0.26541754603385928,"z":0.05916644260287285,"w":-0.9392568469047546},"size":6.468105316162109,"orthographic":false}