{"cameraMode":{"drawMode":0,"name":"Shaded","section":"Shading Mode"},"sceneLighting":true,"audioPlay":false,"sceneViewState":{"m_AlwaysRefresh":false,"showFog":true,"showSkybox":true,"showFlares":true,"showImageEffects":true,"showParticleSystems":true,"showVisualEffectGraphs":true,"m_FxEnabled":true},"in2DMode":false,"pivot":{"x":-0.0004966557025909424,"y":-0.04528561234474182,"z":0.06143297255039215},"rotation":{"x":-0.07430003583431244,"y":0.9080079197883606,"z":-0.18246503174304963,"w":-0.36974212527275088},"size":3.2402501106262209,"orthographic":false}