{"cameraMode":{"drawMode":0,"name":"Shaded","section":"Shading Mode"},"sceneLighting":true,"audioPlay":false,"sceneViewState":{"m_AlwaysRefresh":false,"showFog":true,"showSkybox":true,"showFlares":true,"showImageEffects":true,"showParticleSystems":true,"showVisualEffectGraphs":true,"m_FxEnabled":true},"in2DMode":false,"pivot":{"x":5.1729607582092289,"y":15.723631858825684,"z":4.9770097732543949},"rotation":{"x":0.04077087715268135,"y":0.9590405225753784,"z":-0.18823425471782685,"w":0.20772403478622437},"size":5.229384899139404,"orthographic":false}